death_cat,time_cat,race_cat,age_cat,date_start,date,week_from_start,modeled_rate,model_se,segment,wpc,wpc_lower,wpc_upper,wpc_pval,n_obs,n_params,joinpoint,jp_lower,jp_upper,slope_change,slope_change_se,slope_change_pval
COVID-19,"After Jan 13, 2021",All,All ages,2021-01-13,2021-01-19,55,10.42759,0.02289,0,-19.064,-27.927,-9.111,0.00129,28,8,69,63,74,0.160799,0.043982,0.001316
COVID-19,"After Jan 13, 2021",All,All ages,2021-01-20,2021-01-26,56,8.43971,0.01894,0,-19.064,-27.927,-9.111,0.00129,28,8,69,63,74,0.160799,0.043982,0.001316
COVID-19,"After Jan 13, 2021",All,All ages,2021-01-27,2021-02-02,57,6.83079,0.01558,0,-19.064,-27.927,-9.111,0.00129,28,8,69,63,74,0.160799,0.043982,0.001316
COVID-19,"After Jan 13, 2021",All,All ages,2021-02-03,2021-02-09,58,5.52859,0.01188,1,-26.233,-29.061,-23.291,0,28,8,58,57,67,-0.092748,0.058011,0.128284
COVID-19,"After Jan 13, 2021",All,All ages,2021-02-10,2021-02-16,59,4.07829,0.00924,1,-26.233,-29.061,-23.291,0,28,8,58,57,67,-0.092748,0.058011,0.128284
COVID-19,"After Jan 13, 2021",All,All ages,2021-02-17,2021-02-23,60,3.00844,0.00687,1,-26.233,-29.061,-23.291,0,28,8,58,57,67,-0.092748,0.058011,0.128284
COVID-19,"After Jan 13, 2021",All,All ages,2021-02-24,2021-03-02,61,2.21925,0.00485,1,-26.233,-29.061,-23.291,0,28,8,58,57,67,-0.092748,0.058011,0.128284
COVID-19,"After Jan 13, 2021",All,All ages,2021-03-03,2021-03-09,62,1.63708,0.00337,1,-26.233,-29.061,-23.291,0,28,8,58,57,67,-0.092748,0.058011,0.128284
COVID-19,"After Jan 13, 2021",All,All ages,2021-03-10,2021-03-16,63,1.20763,0.00247,1,-26.233,-29.061,-23.291,0,28,8,58,57,67,-0.092748,0.058011,0.128284
COVID-19,"After Jan 13, 2021",All,All ages,2021-03-17,2021-03-23,64,0.89083,0.00221,1,-26.233,-29.061,-23.291,0,28,8,58,57,67,-0.092748,0.058011,0.128284
COVID-19,"After Jan 13, 2021",All,All ages,2021-03-24,2021-03-30,65,0.65714,0.00155,2,-9.676,-10.904,-8.431,0,28,8,65,63,77,0.202492,0.019636,0
COVID-19,"After Jan 13, 2021",All,All ages,2021-03-31,2021-04-06,66,0.59356,0.00126,2,-9.676,-10.904,-8.431,0,28,8,65,63,77,0.202492,0.019636,0
COVID-19,"After Jan 13, 2021",All,All ages,2021-04-07,2021-04-13,67,0.53613,0.00123,2,-9.676,-10.904,-8.431,0,28,8,65,63,77,0.202492,0.019636,0
COVID-19,"After Jan 13, 2021",All,All ages,2021-04-14,2021-04-20,68,0.48426,9.9e-4,2,-9.676,-10.904,-8.431,0,28,8,65,63,77,0.202492,0.019636,0
COVID-19,"After Jan 13, 2021",All,All ages,2021-04-21,2021-04-27,69,0.4374,0.00102,2,-9.676,-10.904,-8.431,0,28,8,65,63,77,0.202492,0.019636,0
COVID-19,"After Jan 13, 2021",All,All ages,2021-04-28,2021-05-04,70,0.39508,8.7e-4,2,-9.676,-10.904,-8.431,0,28,8,65,63,77,0.202492,0.019636,0
COVID-19,"After Jan 13, 2021",All,All ages,2021-05-05,2021-05-11,71,0.35685,8.3e-4,2,-9.676,-10.904,-8.431,0,28,8,65,63,77,0.202492,0.019636,0
COVID-19,"After Jan 13, 2021",All,All ages,2021-05-12,2021-05-18,72,0.32233,6.7e-4,2,-9.676,-10.904,-8.431,0,28,8,65,63,77,0.202492,0.019636,0
COVID-19,"After Jan 13, 2021",All,All ages,2021-05-19,2021-05-25,73,0.29114,7.6e-4,2,-9.676,-10.904,-8.431,0,28,8,65,63,77,0.202492,0.019636,0
COVID-19,"After Jan 13, 2021",All,All ages,2021-05-26,2021-06-01,74,0.26297,5.1e-4,2,-9.676,-10.904,-8.431,0,28,8,65,63,77,0.202492,0.019636,0
COVID-19,"After Jan 13, 2021",All,All ages,2021-06-02,2021-06-08,75,0.23753,5.4e-4,2,-9.676,-10.904,-8.431,0,28,8,65,63,77,0.202492,0.019636,0
COVID-19,"After Jan 13, 2021",All,All ages,2021-06-09,2021-06-15,76,0.21454,4.8e-4,2,-9.676,-10.904,-8.431,0,28,8,65,63,77,0.202492,0.019636,0
COVID-19,"After Jan 13, 2021",All,All ages,2021-06-16,2021-06-22,77,0.19378,4.4e-4,2,-9.676,-10.904,-8.431,0,28,8,65,63,77,0.202492,0.019636,0
COVID-19,"After Jan 13, 2021",All,All ages,2021-06-23,2021-06-29,78,0.17503,4.4e-4,3,26.399,17.147,36.381,1e-5,28,8,78,77,80,0.336033,0.036606,0
COVID-19,"After Jan 13, 2021",All,All ages,2021-06-30,2021-07-06,79,0.22124,4.9e-4,3,26.399,17.147,36.381,1e-5,28,8,78,77,80,0.336033,0.036606,0
COVID-19,"After Jan 13, 2021",All,All ages,2021-07-07,2021-07-13,80,0.27965,5.8e-4,3,26.399,17.147,36.381,1e-5,28,8,78,77,80,0.336033,0.036606,0
COVID-19,"After Jan 13, 2021",All,All ages,2021-07-14,2021-07-20,81,0.35347,7.6e-4,3,26.399,17.147,36.381,1e-5,28,8,78,77,80,0.336033,0.036606,0
COVID-19,"After Jan 13, 2021",All,All ages,2021-07-21,2021-07-27,82,0.44678,0.00113,3,26.399,17.147,36.381,1e-5,28,8,78,77,80,0.336033,0.036606,0
COVID-19,"After Jan 13, 2021",Asian,All ages,2021-01-13,2021-01-19,55,9.4511,0.1093,0,-25.197,-27.975,-22.311,0,28,6,78,77,80,0.336033,0.036606,0
COVID-19,"After Jan 13, 2021",Asian,All ages,2021-01-20,2021-01-26,56,7.06972,0.08707,0,-25.197,-27.975,-22.311,0,28,6,78,77,80,0.336033,0.036606,0
COVID-19,"After Jan 13, 2021",Asian,All ages,2021-01-27,2021-02-02,57,5.28837,0.07106,0,-25.197,-27.975,-22.311,0,28,6,78,77,80,0.336033,0.036606,0
COVID-19,"After Jan 13, 2021",Asian,All ages,2021-02-03,2021-02-09,58,3.95587,0.0551,0,-25.197,-27.975,-22.311,0,28,6,78,77,80,0.336033,0.036606,0
COVID-19,"After Jan 13, 2021",Asian,All ages,2021-02-10,2021-02-16,59,2.95912,0.04308,0,-25.197,-27.975,-22.311,0,28,6,78,77,80,0.336033,0.036606,0
COVID-19,"After Jan 13, 2021",Asian,All ages,2021-02-17,2021-02-23,60,2.21351,0.02921,0,-25.197,-27.975,-22.311,0,28,6,78,77,80,0.336033,0.036606,0
COVID-19,"After Jan 13, 2021",Asian,All ages,2021-02-24,2021-03-02,61,1.65578,0.0273,0,-25.197,-27.975,-22.311,0,28,6,78,77,80,0.336033,0.036606,0
COVID-19,"After Jan 13, 2021",Asian,All ages,2021-03-03,2021-03-09,62,1.23857,0.01647,0,-25.197,-27.975,-22.311,0,28,6,78,77,80,0.336033,0.036606,0
COVID-19,"After Jan 13, 2021",Asian,All ages,2021-03-10,2021-03-16,63,0.92649,0.00936,0,-25.197,-27.975,-22.311,0,28,6,78,77,80,0.336033,0.036606,0
COVID-19,"After Jan 13, 2021",Asian,All ages,2021-03-17,2021-03-23,64,0.69304,0.00989,0,-25.197,-27.975,-22.311,0,28,6,78,77,80,0.336033,0.036606,0
COVID-19,"After Jan 13, 2021",Asian,All ages,2021-03-24,2021-03-30,65,0.51842,0.00733,0,-25.197,-27.975,-22.311,0,28,6,78,77,80,0.336033,0.036606,0
COVID-19,"After Jan 13, 2021",Asian,All ages,2021-03-31,2021-04-06,66,0.38779,0.0035,1,-10.974,-14.32,-7.496,0,28,6,66,63,69,0.174073,0.025819,1e-6
COVID-19,"After Jan 13, 2021",Asian,All ages,2021-04-07,2021-04-13,67,0.34524,0.00464,1,-10.974,-14.32,-7.496,0,28,6,66,63,69,0.174073,0.025819,1e-6
COVID-19,"After Jan 13, 2021",Asian,All ages,2021-04-14,2021-04-20,68,0.30735,0.00387,1,-10.974,-14.32,-7.496,0,28,6,66,63,69,0.174073,0.025819,1e-6
COVID-19,"After Jan 13, 2021",Asian,All ages,2021-04-21,2021-04-27,69,0.27363,0.00481,1,-10.974,-14.32,-7.496,0,28,6,66,63,69,0.174073,0.025819,1e-6
COVID-19,"After Jan 13, 2021",Asian,All ages,2021-04-28,2021-05-04,70,0.2436,0.00271,1,-10.974,-14.32,-7.496,0,28,6,66,63,69,0.174073,0.025819,1e-6
COVID-19,"After Jan 13, 2021",Asian,All ages,2021-05-05,2021-05-11,71,0.21687,0.00264,1,-10.974,-14.32,-7.496,0,28,6,66,63,69,0.174073,0.025819,1e-6
COVID-19,"After Jan 13, 2021",Asian,All ages,2021-05-12,2021-05-18,72,0.19307,0.00248,1,-10.974,-14.32,-7.496,0,28,6,66,63,69,0.174073,0.025819,1e-6
COVID-19,"After Jan 13, 2021",Asian,All ages,2021-05-19,2021-05-25,73,0.17188,0.00273,1,-10.974,-14.32,-7.496,0,28,6,66,63,69,0.174073,0.025819,1e-6
COVID-19,"After Jan 13, 2021",Asian,All ages,2021-05-26,2021-06-01,74,0.15302,0.00239,1,-10.974,-14.32,-7.496,0,28,6,66,63,69,0.174073,0.025819,1e-6
COVID-19,"After Jan 13, 2021",Asian,All ages,2021-06-02,2021-06-08,75,0.13623,0.00196,1,-10.974,-14.32,-7.496,0,28,6,66,63,69,0.174073,0.025819,1e-6
COVID-19,"After Jan 13, 2021",Asian,All ages,2021-06-09,2021-06-15,76,0.12128,0.00249,1,-10.974,-14.32,-7.496,0,28,6,66,63,69,0.174073,0.025819,1e-6
COVID-19,"After Jan 13, 2021",Asian,All ages,2021-06-16,2021-06-22,77,0.10797,0.00121,1,-10.974,-14.32,-7.496,0,28,6,66,63,69,0.174073,0.025819,1e-6
COVID-19,"After Jan 13, 2021",Asian,All ages,2021-06-23,2021-06-29,78,0.09612,8.4e-4,2,33.332,10.788,60.464,0.00411,28,6,78,77,80,0.403911,0.090676,2.43e-4
COVID-19,"After Jan 13, 2021",Asian,All ages,2021-06-30,2021-07-06,79,0.12816,0.00218,2,33.332,10.788,60.464,0.00411,28,6,78,77,80,0.403911,0.090676,2.43e-4
COVID-19,"After Jan 13, 2021",Asian,All ages,2021-07-07,2021-07-13,80,0.17088,0.00212,2,33.332,10.788,60.464,0.00411,28,6,78,77,80,0.403911,0.090676,2.43e-4
COVID-19,"After Jan 13, 2021",Asian,All ages,2021-07-14,2021-07-20,81,0.22784,0.00211,2,33.332,10.788,60.464,0.00411,28,6,78,77,80,0.403911,0.090676,2.43e-4
COVID-19,"After Jan 13, 2021",Asian,All ages,2021-07-21,2021-07-27,82,0.30378,0.00554,2,33.332,10.788,60.464,0.00411,28,6,78,77,80,0.403911,0.090676,2.43e-4
COVID-19,"After Jan 13, 2021",Black,All ages,2021-01-13,2021-01-19,55,11.30314,0.4623,0,-22.69,-26.684,-18.478,0,28,6,78,77,80,0.403911,0.090676,2.43e-4
COVID-19,"After Jan 13, 2021",Black,All ages,2021-01-20,2021-01-26,56,8.73844,0.39268,0,-22.69,-26.684,-18.478,0,28,6,78,77,80,0.403911,0.090676,2.43e-4
COVID-19,"After Jan 13, 2021",Black,All ages,2021-01-27,2021-02-02,57,6.75568,0.29912,0,-22.69,-26.684,-18.478,0,28,6,78,77,80,0.403911,0.090676,2.43e-4
COVID-19,"After Jan 13, 2021",Black,All ages,2021-02-03,2021-02-09,58,5.22281,0.19346,0,-22.69,-26.684,-18.478,0,28,6,78,77,80,0.403911,0.090676,2.43e-4
COVID-19,"After Jan 13, 2021",Black,All ages,2021-02-10,2021-02-16,59,4.03775,0.18384,0,-22.69,-26.684,-18.478,0,28,6,78,77,80,0.403911,0.090676,2.43e-4
COVID-19,"After Jan 13, 2021",Black,All ages,2021-02-17,2021-02-23,60,3.12158,0.12794,0,-22.69,-26.684,-18.478,0,28,6,78,77,80,0.403911,0.090676,2.43e-4
COVID-19,"After Jan 13, 2021",Black,All ages,2021-02-24,2021-03-02,61,2.41329,0.10789,0,-22.69,-26.684,-18.478,0,28,6,78,77,80,0.403911,0.090676,2.43e-4
COVID-19,"After Jan 13, 2021",Black,All ages,2021-03-03,2021-03-09,62,1.86571,0.06353,0,-22.69,-26.684,-18.478,0,28,6,78,77,80,0.403911,0.090676,2.43e-4
COVID-19,"After Jan 13, 2021",Black,All ages,2021-03-10,2021-03-16,63,1.44238,0.05474,0,-22.69,-26.684,-18.478,0,28,6,78,77,80,0.403911,0.090676,2.43e-4
COVID-19,"After Jan 13, 2021",Black,All ages,2021-03-17,2021-03-23,64,1.1151,0.05639,0,-22.69,-26.684,-18.478,0,28,6,78,77,80,0.403911,0.090676,2.43e-4
COVID-19,"After Jan 13, 2021",Black,All ages,2021-03-24,2021-03-30,65,0.86209,0.0399,0,-22.69,-26.684,-18.478,0,28,6,78,77,80,0.403911,0.090676,2.43e-4
COVID-19,"After Jan 13, 2021",Black,All ages,2021-03-31,2021-04-06,66,0.66648,0.01516,1,-5.315,-9.544,-0.888,0.02154,28,6,66,61,69,0.202732,0.033563,7e-6
COVID-19,"After Jan 13, 2021",Black,All ages,2021-04-07,2021-04-13,67,0.63105,0.02849,1,-5.315,-9.544,-0.888,0.02154,28,6,66,61,69,0.202732,0.033563,7e-6
COVID-19,"After Jan 13, 2021",Black,All ages,2021-04-14,2021-04-20,68,0.59751,0.028,1,-5.315,-9.544,-0.888,0.02154,28,6,66,61,69,0.202732,0.033563,7e-6
COVID-19,"After Jan 13, 2021",Black,All ages,2021-04-21,2021-04-27,69,0.56575,0.02929,1,-5.315,-9.544,-0.888,0.02154,28,6,66,61,69,0.202732,0.033563,7e-6
COVID-19,"After Jan 13, 2021",Black,All ages,2021-04-28,2021-05-04,70,0.53568,0.02098,1,-5.315,-9.544,-0.888,0.02154,28,6,66,61,69,0.202732,0.033563,7e-6
COVID-19,"After Jan 13, 2021",Black,All ages,2021-05-05,2021-05-11,71,0.50721,0.02989,1,-5.315,-9.544,-0.888,0.02154,28,6,66,61,69,0.202732,0.033563,7e-6
COVID-19,"After Jan 13, 2021",Black,All ages,2021-05-12,2021-05-18,72,0.48025,0.01537,1,-5.315,-9.544,-0.888,0.02154,28,6,66,61,69,0.202732,0.033563,7e-6
COVID-19,"After Jan 13, 2021",Black,All ages,2021-05-19,2021-05-25,73,0.45473,0.03535,1,-5.315,-9.544,-0.888,0.02154,28,6,66,61,69,0.202732,0.033563,7e-6
COVID-19,"After Jan 13, 2021",Black,All ages,2021-05-26,2021-06-01,74,0.43056,0.0102,1,-5.315,-9.544,-0.888,0.02154,28,6,66,61,69,0.202732,0.033563,7e-6
COVID-19,"After Jan 13, 2021",Black,All ages,2021-06-02,2021-06-08,75,0.40767,0.01982,1,-5.315,-9.544,-0.888,0.02154,28,6,66,61,69,0.202732,0.033563,7e-6
COVID-19,"After Jan 13, 2021",Black,All ages,2021-06-09,2021-06-15,76,0.386,0.01055,1,-5.315,-9.544,-0.888,0.02154,28,6,66,61,69,0.202732,0.033563,7e-6
COVID-19,"After Jan 13, 2021",Black,All ages,2021-06-16,2021-06-22,77,0.36549,0.01159,1,-5.315,-9.544,-0.888,0.02154,28,6,66,61,69,0.202732,0.033563,7e-6
COVID-19,"After Jan 13, 2021",Black,All ages,2021-06-23,2021-06-29,78,0.34606,0.0191,1,-5.315,-9.544,-0.888,0.02154,28,6,66,61,69,0.202732,0.033563,7e-6
COVID-19,"After Jan 13, 2021",Black,All ages,2021-06-30,2021-07-06,79,0.32767,0.01421,2,54.361,5.123,126.66,0.02871,28,6,79,75,80,0.488738,0.185462,0.015867
COVID-19,"After Jan 13, 2021",Black,All ages,2021-07-07,2021-07-13,80,0.50579,0.0242,2,54.361,5.123,126.66,0.02871,28,6,79,75,80,0.488738,0.185462,0.015867
COVID-19,"After Jan 13, 2021",Black,All ages,2021-07-14,2021-07-20,81,0.78074,0.02324,2,54.361,5.123,126.66,0.02871,28,6,79,75,80,0.488738,0.185462,0.015867
COVID-19,"After Jan 13, 2021",Black,All ages,2021-07-21,2021-07-27,82,1.20516,0.05791,2,54.361,5.123,126.66,0.02871,28,6,79,75,80,0.488738,0.185462,0.015867
COVID-19,"After Jan 13, 2021",Latino,All ages,2021-01-13,2021-01-19,55,24.50255,0.19925,0,-25.433,-27.112,-23.716,0,28,6,79,75,80,0.488738,0.185462,0.015867
COVID-19,"After Jan 13, 2021",Latino,All ages,2021-01-20,2021-01-26,56,18.27073,0.16863,0,-25.433,-27.112,-23.716,0,28,6,79,75,80,0.488738,0.185462,0.015867
COVID-19,"After Jan 13, 2021",Latino,All ages,2021-01-27,2021-02-02,57,13.62387,0.13574,0,-25.433,-27.112,-23.716,0,28,6,79,75,80,0.488738,0.185462,0.015867
COVID-19,"After Jan 13, 2021",Latino,All ages,2021-02-03,2021-02-09,58,10.15886,0.11059,0,-25.433,-27.112,-23.716,0,28,6,79,75,80,0.488738,0.185462,0.015867
COVID-19,"After Jan 13, 2021",Latino,All ages,2021-02-10,2021-02-16,59,7.57512,0.07808,0,-25.433,-27.112,-23.716,0,28,6,79,75,80,0.488738,0.185462,0.015867
COVID-19,"After Jan 13, 2021",Latino,All ages,2021-02-17,2021-02-23,60,5.64851,0.0569,0,-25.433,-27.112,-23.716,0,28,6,79,75,80,0.488738,0.185462,0.015867
COVID-19,"After Jan 13, 2021",Latino,All ages,2021-02-24,2021-03-02,61,4.21191,0.04273,0,-25.433,-27.112,-23.716,0,28,6,79,75,80,0.488738,0.185462,0.015867
COVID-19,"After Jan 13, 2021",Latino,All ages,2021-03-03,2021-03-09,62,3.14068,0.0286,0,-25.433,-27.112,-23.716,0,28,6,79,75,80,0.488738,0.185462,0.015867
COVID-19,"After Jan 13, 2021",Latino,All ages,2021-03-10,2021-03-16,63,2.3419,0.01781,0,-25.433,-27.112,-23.716,0,28,6,79,75,80,0.488738,0.185462,0.015867
COVID-19,"After Jan 13, 2021",Latino,All ages,2021-03-17,2021-03-23,64,1.74627,0.01857,0,-25.433,-27.112,-23.716,0,28,6,79,75,80,0.488738,0.185462,0.015867
COVID-19,"After Jan 13, 2021",Latino,All ages,2021-03-24,2021-03-30,65,1.30214,0.01097,0,-25.433,-27.112,-23.716,0,28,6,79,75,80,0.488738,0.185462,0.015867
COVID-19,"After Jan 13, 2021",Latino,All ages,2021-03-31,2021-04-06,66,0.97096,0.00862,1,-10.963,-12.883,-9.001,0,28,6,66,64,68,0.177358,0.01511,0
COVID-19,"After Jan 13, 2021",Latino,All ages,2021-04-07,2021-04-13,67,0.86451,0.00931,1,-10.963,-12.883,-9.001,0,28,6,66,64,68,0.177358,0.01511,0
COVID-19,"After Jan 13, 2021",Latino,All ages,2021-04-14,2021-04-20,68,0.76974,0.00572,1,-10.963,-12.883,-9.001,0,28,6,66,64,68,0.177358,0.01511,0
COVID-19,"After Jan 13, 2021",Latino,All ages,2021-04-21,2021-04-27,69,0.68535,0.00628,1,-10.963,-12.883,-9.001,0,28,6,66,64,68,0.177358,0.01511,0
COVID-19,"After Jan 13, 2021",Latino,All ages,2021-04-28,2021-05-04,70,0.61021,0.00529,1,-10.963,-12.883,-9.001,0,28,6,66,64,68,0.177358,0.01511,0
COVID-19,"After Jan 13, 2021",Latino,All ages,2021-05-05,2021-05-11,71,0.54332,0.00483,1,-10.963,-12.883,-9.001,0,28,6,66,64,68,0.177358,0.01511,0
COVID-19,"After Jan 13, 2021",Latino,All ages,2021-05-12,2021-05-18,72,0.48375,0.0038,1,-10.963,-12.883,-9.001,0,28,6,66,64,68,0.177358,0.01511,0
COVID-19,"After Jan 13, 2021",Latino,All ages,2021-05-19,2021-05-25,73,0.43072,0.00494,1,-10.963,-12.883,-9.001,0,28,6,66,64,68,0.177358,0.01511,0
COVID-19,"After Jan 13, 2021",Latino,All ages,2021-05-26,2021-06-01,74,0.3835,0.00344,1,-10.963,-12.883,-9.001,0,28,6,66,64,68,0.177358,0.01511,0
COVID-19,"After Jan 13, 2021",Latino,All ages,2021-06-02,2021-06-08,75,0.34145,0.00281,1,-10.963,-12.883,-9.001,0,28,6,66,64,68,0.177358,0.01511,0
COVID-19,"After Jan 13, 2021",Latino,All ages,2021-06-09,2021-06-15,76,0.30402,0.00254,1,-10.963,-12.883,-9.001,0,28,6,66,64,68,0.177358,0.01511,0
COVID-19,"After Jan 13, 2021",Latino,All ages,2021-06-16,2021-06-22,77,0.27069,0.00236,1,-10.963,-12.883,-9.001,0,28,6,66,64,68,0.177358,0.01511,0
COVID-19,"After Jan 13, 2021",Latino,All ages,2021-06-23,2021-06-29,78,0.24101,0.00197,2,20.641,9.041,33.475,9.5e-4,28,6,78,76,79,0.303768,0.04958,5e-6
COVID-19,"After Jan 13, 2021",Latino,All ages,2021-06-30,2021-07-06,79,0.29076,0.00282,2,20.641,9.041,33.475,9.5e-4,28,6,78,76,79,0.303768,0.04958,5e-6
COVID-19,"After Jan 13, 2021",Latino,All ages,2021-07-07,2021-07-13,80,0.35078,0.00309,2,20.641,9.041,33.475,9.5e-4,28,6,78,76,79,0.303768,0.04958,5e-6
COVID-19,"After Jan 13, 2021",Latino,All ages,2021-07-14,2021-07-20,81,0.42318,0.00385,2,20.641,9.041,33.475,9.5e-4,28,6,78,76,79,0.303768,0.04958,5e-6
COVID-19,"After Jan 13, 2021",Latino,All ages,2021-07-21,2021-07-27,82,0.51053,0.00421,2,20.641,9.041,33.475,9.5e-4,28,6,78,76,79,0.303768,0.04958,5e-6
COVID-19,"After Jan 13, 2021",White,All ages,2021-01-13,2021-01-19,55,6.57279,0.02453,0,-24.399,-25.866,-22.903,0,28,8,78,76,79,0.303768,0.04958,5e-6
COVID-19,"After Jan 13, 2021",White,All ages,2021-01-20,2021-01-26,56,4.96907,0.0202,0,-24.399,-25.866,-22.903,0,28,8,78,76,79,0.303768,0.04958,5e-6
COVID-19,"After Jan 13, 2021",White,All ages,2021-01-27,2021-02-02,57,3.75665,0.01629,0,-24.399,-25.866,-22.903,0,28,8,78,76,79,0.303768,0.04958,5e-6
COVID-19,"After Jan 13, 2021",White,All ages,2021-02-03,2021-02-09,58,2.84005,0.01288,0,-24.399,-25.866,-22.903,0,28,8,78,76,79,0.303768,0.04958,5e-6
COVID-19,"After Jan 13, 2021",White,All ages,2021-02-10,2021-02-16,59,2.1471,0.01024,0,-24.399,-25.866,-22.903,0,28,8,78,76,79,0.303768,0.04958,5e-6
COVID-19,"After Jan 13, 2021",White,All ages,2021-02-17,2021-02-23,60,1.62322,0.00814,0,-24.399,-25.866,-22.903,0,28,8,78,76,79,0.303768,0.04958,5e-6
COVID-19,"After Jan 13, 2021",White,All ages,2021-02-24,2021-03-02,61,1.22717,0.00492,0,-24.399,-25.866,-22.903,0,28,8,78,76,79,0.303768,0.04958,5e-6
COVID-19,"After Jan 13, 2021",White,All ages,2021-03-03,2021-03-09,62,0.92775,0.00381,0,-24.399,-25.866,-22.903,0,28,8,78,76,79,0.303768,0.04958,5e-6
COVID-19,"After Jan 13, 2021",White,All ages,2021-03-10,2021-03-16,63,0.70138,0.00304,0,-24.399,-25.866,-22.903,0,28,8,78,76,79,0.303768,0.04958,5e-6
COVID-19,"After Jan 13, 2021",White,All ages,2021-03-17,2021-03-23,64,0.53025,0.00245,1,-10.058,-11.905,-8.172,0,28,8,64,57,66,0.1737,0.013528,0
COVID-19,"After Jan 13, 2021",White,All ages,2021-03-24,2021-03-30,65,0.47692,0.00202,1,-10.058,-11.905,-8.172,0,28,8,64,57,66,0.1737,0.013528,0
COVID-19,"After Jan 13, 2021",White,All ages,2021-03-31,2021-04-06,66,0.42895,0.00176,1,-10.058,-11.905,-8.172,0,28,8,64,57,66,0.1737,0.013528,0
COVID-19,"After Jan 13, 2021",White,All ages,2021-04-07,2021-04-13,67,0.38581,0.00171,1,-10.058,-11.905,-8.172,0,28,8,64,57,66,0.1737,0.013528,0
COVID-19,"After Jan 13, 2021",White,All ages,2021-04-14,2021-04-20,68,0.347,0.0016,1,-10.058,-11.905,-8.172,0,28,8,64,57,66,0.1737,0.013528,0
COVID-19,"After Jan 13, 2021",White,All ages,2021-04-21,2021-04-27,69,0.3121,0.00138,1,-10.058,-11.905,-8.172,0,28,8,64,57,66,0.1737,0.013528,0
COVID-19,"After Jan 13, 2021",White,All ages,2021-04-28,2021-05-04,70,0.28071,0.00136,1,-10.058,-11.905,-8.172,0,28,8,64,57,66,0.1737,0.013528,0
COVID-19,"After Jan 13, 2021",White,All ages,2021-05-05,2021-05-11,71,0.25247000000000003,0.00118,1,-10.058,-11.905,-8.172,0,28,8,64,57,66,0.1737,0.013528,0
COVID-19,"After Jan 13, 2021",White,All ages,2021-05-12,2021-05-18,72,0.22708,0.00127,1,-10.058,-11.905,-8.172,0,28,8,64,57,66,0.1737,0.013528,0
COVID-19,"After Jan 13, 2021",White,All ages,2021-05-19,2021-05-25,73,0.20424,9.2e-4,1,-10.058,-11.905,-8.172,0,28,8,64,57,66,0.1737,0.013528,0
COVID-19,"After Jan 13, 2021",White,All ages,2021-05-26,2021-06-01,74,0.1837,6.8e-4,2,-1.33,-6.983,4.667,0.6383,28,8,74,63,77,0.09262,0.029646,0.006175
COVID-19,"After Jan 13, 2021",White,All ages,2021-06-02,2021-06-08,75,0.18126,9.8e-4,2,-1.33,-6.983,4.667,0.6383,28,8,74,63,77,0.09262,0.029646,0.006175
COVID-19,"After Jan 13, 2021",White,All ages,2021-06-09,2021-06-15,76,0.17885,8.6e-4,2,-1.33,-6.983,4.667,0.6383,28,8,74,63,77,0.09262,0.029646,0.006175
COVID-19,"After Jan 13, 2021",White,All ages,2021-06-16,2021-06-22,77,0.17647,8e-4,2,-1.33,-6.983,4.667,0.6383,28,8,74,63,77,0.09262,0.029646,0.006175
COVID-19,"After Jan 13, 2021",White,All ages,2021-06-23,2021-06-29,78,0.17412,8.5e-4,2,-1.33,-6.983,4.667,0.6383,28,8,74,63,77,0.09262,0.029646,0.006175
COVID-19,"After Jan 13, 2021",White,All ages,2021-06-30,2021-07-06,79,0.17181,8.9e-4,2,-1.33,-6.983,4.667,0.6383,28,8,74,63,77,0.09262,0.029646,0.006175
COVID-19,"After Jan 13, 2021",White,All ages,2021-07-07,2021-07-13,80,0.16952,8.6e-4,3,56.964,22.312,101.434,0.00139,28,8,80,78,80,0.464231,0.121493,0.001367
COVID-19,"After Jan 13, 2021",White,All ages,2021-07-14,2021-07-20,81,0.26609,0.00127,3,56.964,22.312,101.434,0.00139,28,8,80,78,80,0.464231,0.121493,0.001367
COVID-19,"After Jan 13, 2021",White,All ages,2021-07-21,2021-07-27,82,0.41766,0.00214,3,56.964,22.312,101.434,0.00139,28,8,80,78,80,0.464231,0.121493,0.001367
COVID-19,"After Jan 13, 2021",All,65 and over,2021-01-13,2021-01-19,55,69.14762,0.01666,0,-25.831,-27.414,-24.213,0,28,6,80,78,80,0.464231,0.121493,0.001367
COVID-19,"After Jan 13, 2021",All,65 and over,2021-01-20,2021-01-26,56,51.28628,0.01363,0,-25.831,-27.414,-24.213,0,28,6,80,78,80,0.464231,0.121493,0.001367
COVID-19,"After Jan 13, 2021",All,65 and over,2021-01-27,2021-02-02,57,38.03865,0.01082,0,-25.831,-27.414,-24.213,0,28,6,80,78,80,0.464231,0.121493,0.001367
COVID-19,"After Jan 13, 2021",All,65 and over,2021-02-03,2021-02-09,58,28.21298,0.00857,0,-25.831,-27.414,-24.213,0,28,6,80,78,80,0.464231,0.121493,0.001367
COVID-19,"After Jan 13, 2021",All,65 and over,2021-02-10,2021-02-16,59,20.92536,0.00634,0,-25.831,-27.414,-24.213,0,28,6,80,78,80,0.464231,0.121493,0.001367
COVID-19,"After Jan 13, 2021",All,65 and over,2021-02-17,2021-02-23,60,15.52018,0.00457,0,-25.831,-27.414,-24.213,0,28,6,80,78,80,0.464231,0.121493,0.001367
COVID-19,"After Jan 13, 2021",All,65 and over,2021-02-24,2021-03-02,61,11.5112,0.00333,0,-25.831,-27.414,-24.213,0,28,6,80,78,80,0.464231,0.121493,0.001367
COVID-19,"After Jan 13, 2021",All,65 and over,2021-03-03,2021-03-09,62,8.53777,0.00223,0,-25.831,-27.414,-24.213,0,28,6,80,78,80,0.464231,0.121493,0.001367
COVID-19,"After Jan 13, 2021",All,65 and over,2021-03-10,2021-03-16,63,6.3324,0.00156,0,-25.831,-27.414,-24.213,0,28,6,80,78,80,0.464231,0.121493,0.001367
COVID-19,"After Jan 13, 2021",All,65 and over,2021-03-17,2021-03-23,64,4.6967,0.00144,0,-25.831,-27.414,-24.213,0,28,6,80,78,80,0.464231,0.121493,0.001367
COVID-19,"After Jan 13, 2021",All,65 and over,2021-03-24,2021-03-30,65,3.4835,9.2e-4,1,-10.875,-12.3,-9.428,0,28,6,65,64,67,0.183685,0.012912,0
COVID-19,"After Jan 13, 2021",All,65 and over,2021-03-31,2021-04-06,66,3.10466,8e-4,1,-10.875,-12.3,-9.428,0,28,6,65,64,67,0.183685,0.012912,0
COVID-19,"After Jan 13, 2021",All,65 and over,2021-04-07,2021-04-13,67,2.76701,7.4e-4,1,-10.875,-12.3,-9.428,0,28,6,65,64,67,0.183685,0.012912,0
COVID-19,"After Jan 13, 2021",All,65 and over,2021-04-14,2021-04-20,68,2.46609,6.3e-4,1,-10.875,-12.3,-9.428,0,28,6,65,64,67,0.183685,0.012912,0
COVID-19,"After Jan 13, 2021",All,65 and over,2021-04-21,2021-04-27,69,2.19789,6.3e-4,1,-10.875,-12.3,-9.428,0,28,6,65,64,67,0.183685,0.012912,0
COVID-19,"After Jan 13, 2021",All,65 and over,2021-04-28,2021-05-04,70,1.95886,4.8e-4,1,-10.875,-12.3,-9.428,0,28,6,65,64,67,0.183685,0.012912,0
COVID-19,"After Jan 13, 2021",All,65 and over,2021-05-05,2021-05-11,71,1.74582,4.9e-4,1,-10.875,-12.3,-9.428,0,28,6,65,64,67,0.183685,0.012912,0
COVID-19,"After Jan 13, 2021",All,65 and over,2021-05-12,2021-05-18,72,1.55596,4.2e-4,1,-10.875,-12.3,-9.428,0,28,6,65,64,67,0.183685,0.012912,0
COVID-19,"After Jan 13, 2021",All,65 and over,2021-05-19,2021-05-25,73,1.38674,4.6e-4,1,-10.875,-12.3,-9.428,0,28,6,65,64,67,0.183685,0.012912,0
COVID-19,"After Jan 13, 2021",All,65 and over,2021-05-26,2021-06-01,74,1.23593,3.1e-4,1,-10.875,-12.3,-9.428,0,28,6,65,64,67,0.183685,0.012912,0
COVID-19,"After Jan 13, 2021",All,65 and over,2021-06-02,2021-06-08,75,1.10151,2.8e-4,1,-10.875,-12.3,-9.428,0,28,6,65,64,67,0.183685,0.012912,0
COVID-19,"After Jan 13, 2021",All,65 and over,2021-06-09,2021-06-15,76,0.98172,2.7e-4,1,-10.875,-12.3,-9.428,0,28,6,65,64,67,0.183685,0.012912,0
COVID-19,"After Jan 13, 2021",All,65 and over,2021-06-16,2021-06-22,77,0.87495,3e-4,1,-10.875,-12.3,-9.428,0,28,6,65,64,67,0.183685,0.012912,0
COVID-19,"After Jan 13, 2021",All,65 and over,2021-06-23,2021-06-29,78,0.7798,1.9e-4,2,23.951,13.751,35.065,4e-5,28,6,78,77,80,0.329848,0.041884,0
COVID-19,"After Jan 13, 2021",All,65 and over,2021-06-30,2021-07-06,79,0.96656,2.5e-4,2,23.951,13.751,35.065,4e-5,28,6,78,77,80,0.329848,0.041884,0
COVID-19,"After Jan 13, 2021",All,65 and over,2021-07-07,2021-07-13,80,1.19806,3.1e-4,2,23.951,13.751,35.065,4e-5,28,6,78,77,80,0.329848,0.041884,0
COVID-19,"After Jan 13, 2021",All,65 and over,2021-07-14,2021-07-20,81,1.485,3.9e-4,2,23.951,13.751,35.065,4e-5,28,6,78,77,80,0.329848,0.041884,0
COVID-19,"After Jan 13, 2021",All,65 and over,2021-07-21,2021-07-27,82,1.84067,5.4e-4,2,23.951,13.751,35.065,4e-5,28,6,78,77,80,0.329848,0.041884,0
COVID-19,"After Jan 13, 2021",Asian,65 and over,2021-01-13,2021-01-19,55,63.14355,0.08619,0,-26.886,-31.12,-22.393,0,28,6,78,77,80,0.329848,0.041884,0
COVID-19,"After Jan 13, 2021",Asian,65 and over,2021-01-20,2021-01-26,56,46.16666,0.06962,0,-26.886,-31.12,-22.393,0,28,6,78,77,80,0.329848,0.041884,0
COVID-19,"After Jan 13, 2021",Asian,65 and over,2021-01-27,2021-02-02,57,33.7542,0.05827,0,-26.886,-31.12,-22.393,0,28,6,78,77,80,0.329848,0.041884,0
COVID-19,"After Jan 13, 2021",Asian,65 and over,2021-02-03,2021-02-09,58,24.67899,0.0439,0,-26.886,-31.12,-22.393,0,28,6,78,77,80,0.329848,0.041884,0
COVID-19,"After Jan 13, 2021",Asian,65 and over,2021-02-10,2021-02-16,59,18.04375,0.03069,0,-26.886,-31.12,-22.393,0,28,6,78,77,80,0.329848,0.041884,0
COVID-19,"After Jan 13, 2021",Asian,65 and over,2021-02-17,2021-02-23,60,13.19247,0.02143,0,-26.886,-31.12,-22.393,0,28,6,78,77,80,0.329848,0.041884,0
COVID-19,"After Jan 13, 2021",Asian,65 and over,2021-02-24,2021-03-02,61,9.64552,0.02231,0,-26.886,-31.12,-22.393,0,28,6,78,77,80,0.329848,0.041884,0
COVID-19,"After Jan 13, 2021",Asian,65 and over,2021-03-03,2021-03-09,62,7.05221,0.01247,0,-26.886,-31.12,-22.393,0,28,6,78,77,80,0.329848,0.041884,0
COVID-19,"After Jan 13, 2021",Asian,65 and over,2021-03-10,2021-03-16,63,5.15614,0.00689,0,-26.886,-31.12,-22.393,0,28,6,78,77,80,0.329848,0.041884,0
COVID-19,"After Jan 13, 2021",Asian,65 and over,2021-03-17,2021-03-23,64,3.76985,0.0076,0,-26.886,-31.12,-22.393,0,28,6,78,77,80,0.329848,0.041884,0
COVID-19,"After Jan 13, 2021",Asian,65 and over,2021-03-24,2021-03-30,65,2.75628,0.00565,0,-26.886,-31.12,-22.393,0,28,6,78,77,80,0.329848,0.041884,0
COVID-19,"After Jan 13, 2021",Asian,65 and over,2021-03-31,2021-04-06,66,2.01522,0.00125,1,-11.88,-16.778,-6.694,1.7e-4,28,6,66,61,70,0.186684,0.039612,1.33e-4
COVID-19,"After Jan 13, 2021",Asian,65 and over,2021-04-07,2021-04-13,67,1.77582,0.0033,1,-11.88,-16.778,-6.694,1.7e-4,28,6,66,61,70,0.186684,0.039612,1.33e-4
COVID-19,"After Jan 13, 2021",Asian,65 and over,2021-04-14,2021-04-20,68,1.56485,0.00232,1,-11.88,-16.778,-6.694,1.7e-4,28,6,66,61,70,0.186684,0.039612,1.33e-4
COVID-19,"After Jan 13, 2021",Asian,65 and over,2021-04-21,2021-04-27,69,1.37895,0.00293,1,-11.88,-16.778,-6.694,1.7e-4,28,6,66,61,70,0.186684,0.039612,1.33e-4
COVID-19,"After Jan 13, 2021",Asian,65 and over,2021-04-28,2021-05-04,70,1.21513,0.00144,1,-11.88,-16.778,-6.694,1.7e-4,28,6,66,61,70,0.186684,0.039612,1.33e-4
COVID-19,"After Jan 13, 2021",Asian,65 and over,2021-05-05,2021-05-11,71,1.07078,0.00252,1,-11.88,-16.778,-6.694,1.7e-4,28,6,66,61,70,0.186684,0.039612,1.33e-4
COVID-19,"After Jan 13, 2021",Asian,65 and over,2021-05-12,2021-05-18,72,0.94357,0.00197,1,-11.88,-16.778,-6.694,1.7e-4,28,6,66,61,70,0.186684,0.039612,1.33e-4
COVID-19,"After Jan 13, 2021",Asian,65 and over,2021-05-19,2021-05-25,73,0.83147,0.00223,1,-11.88,-16.778,-6.694,1.7e-4,28,6,66,61,70,0.186684,0.039612,1.33e-4
COVID-19,"After Jan 13, 2021",Asian,65 and over,2021-05-26,2021-06-01,74,0.7327,0.00134,1,-11.88,-16.778,-6.694,1.7e-4,28,6,66,61,70,0.186684,0.039612,1.33e-4
COVID-19,"After Jan 13, 2021",Asian,65 and over,2021-06-02,2021-06-08,75,0.64565,8.9e-4,1,-11.88,-16.778,-6.694,1.7e-4,28,6,66,61,70,0.186684,0.039612,1.33e-4
COVID-19,"After Jan 13, 2021",Asian,65 and over,2021-06-09,2021-06-15,76,0.56895,0.00154,1,-11.88,-16.778,-6.694,1.7e-4,28,6,66,61,70,0.186684,0.039612,1.33e-4
COVID-19,"After Jan 13, 2021",Asian,65 and over,2021-06-16,2021-06-22,77,0.50136,5.7e-4,1,-11.88,-16.778,-6.694,1.7e-4,28,6,66,61,70,0.186684,0.039612,1.33e-4
COVID-19,"After Jan 13, 2021",Asian,65 and over,2021-06-23,2021-06-29,78,0.4418,3.8e-4,2,25.84,-4.494,65.808,0.09754,28,6,78,75,80,0.35631,0.135039,0.015753
COVID-19,"After Jan 13, 2021",Asian,65 and over,2021-06-30,2021-07-06,79,0.55596,0.00154,2,25.84,-4.494,65.808,0.09754,28,6,78,75,80,0.35631,0.135039,0.015753
COVID-19,"After Jan 13, 2021",Asian,65 and over,2021-07-07,2021-07-13,80,0.69962,7.7e-4,2,25.84,-4.494,65.808,0.09754,28,6,78,75,80,0.35631,0.135039,0.015753
COVID-19,"After Jan 13, 2021",Asian,65 and over,2021-07-14,2021-07-20,81,0.8804,8.7e-4,2,25.84,-4.494,65.808,0.09754,28,6,78,75,80,0.35631,0.135039,0.015753
COVID-19,"After Jan 13, 2021",Asian,65 and over,2021-07-21,2021-07-27,82,1.1079,0.00278,2,25.84,-4.494,65.808,0.09754,28,6,78,75,80,0.35631,0.135039,0.015753
COVID-19,"After Jan 13, 2021",Black,65 and over,2021-01-13,2021-01-19,55,46.31471,0.3603,0,-17.204,-19.827,-14.495,0,28,4,78,75,80,0.35631,0.135039,0.015753
COVID-19,"After Jan 13, 2021",Black,65 and over,2021-01-20,2021-01-26,56,38.34677,0.31914,0,-17.204,-19.827,-14.495,0,28,4,78,75,80,0.35631,0.135039,0.015753
COVID-19,"After Jan 13, 2021",Black,65 and over,2021-01-27,2021-02-02,57,31.74963,0.2221,0,-17.204,-19.827,-14.495,0,28,4,78,75,80,0.35631,0.135039,0.015753
COVID-19,"After Jan 13, 2021",Black,65 and over,2021-02-03,2021-02-09,58,26.28746,0.15447,0,-17.204,-19.827,-14.495,0,28,4,78,75,80,0.35631,0.135039,0.015753
COVID-19,"After Jan 13, 2021",Black,65 and over,2021-02-10,2021-02-16,59,21.76499,0.13787,0,-17.204,-19.827,-14.495,0,28,4,78,75,80,0.35631,0.135039,0.015753
COVID-19,"After Jan 13, 2021",Black,65 and over,2021-02-17,2021-02-23,60,18.02057,0.07438,0,-17.204,-19.827,-14.495,0,28,4,78,75,80,0.35631,0.135039,0.015753
COVID-19,"After Jan 13, 2021",Black,65 and over,2021-02-24,2021-03-02,61,14.92033,0.08967,0,-17.204,-19.827,-14.495,0,28,4,78,75,80,0.35631,0.135039,0.015753
COVID-19,"After Jan 13, 2021",Black,65 and over,2021-03-03,2021-03-09,62,12.35345,0.04256,0,-17.204,-19.827,-14.495,0,28,4,78,75,80,0.35631,0.135039,0.015753
COVID-19,"After Jan 13, 2021",Black,65 and over,2021-03-10,2021-03-16,63,10.22817,0.02858,0,-17.204,-19.827,-14.495,0,28,4,78,75,80,0.35631,0.135039,0.015753
COVID-19,"After Jan 13, 2021",Black,65 and over,2021-03-17,2021-03-23,64,8.46853,0.04557,0,-17.204,-19.827,-14.495,0,28,4,78,75,80,0.35631,0.135039,0.015753
COVID-19,"After Jan 13, 2021",Black,65 and over,2021-03-24,2021-03-30,65,7.01161,0.03051,0,-17.204,-19.827,-14.495,0,28,4,78,75,80,0.35631,0.135039,0.015753
COVID-19,"After Jan 13, 2021",Black,65 and over,2021-03-31,2021-04-06,66,5.80534,0.01347,0,-17.204,-19.827,-14.495,0,28,4,78,75,80,0.35631,0.135039,0.015753
COVID-19,"After Jan 13, 2021",Black,65 and over,2021-04-07,2021-04-13,67,4.8066,0.02166,0,-17.204,-19.827,-14.495,0,28,4,78,75,80,0.35631,0.135039,0.015753
COVID-19,"After Jan 13, 2021",Black,65 and over,2021-04-14,2021-04-20,68,3.97967,0.02187,0,-17.204,-19.827,-14.495,0,28,4,78,75,80,0.35631,0.135039,0.015753
COVID-19,"After Jan 13, 2021",Black,65 and over,2021-04-21,2021-04-27,69,3.29502,0.0204,0,-17.204,-19.827,-14.495,0,28,4,78,75,80,0.35631,0.135039,0.015753
COVID-19,"After Jan 13, 2021",Black,65 and over,2021-04-28,2021-05-04,70,2.72814,0.01418,0,-17.204,-19.827,-14.495,0,28,4,78,75,80,0.35631,0.135039,0.015753
COVID-19,"After Jan 13, 2021",Black,65 and over,2021-05-05,2021-05-11,71,2.2588,0.01348,0,-17.204,-19.827,-14.495,0,28,4,78,75,80,0.35631,0.135039,0.015753
COVID-19,"After Jan 13, 2021",Black,65 and over,2021-05-12,2021-05-18,72,1.8702,0.01053,0,-17.204,-19.827,-14.495,0,28,4,78,75,80,0.35631,0.135039,0.015753
COVID-19,"After Jan 13, 2021",Black,65 and over,2021-05-19,2021-05-25,73,1.54845,0.02018,0,-17.204,-19.827,-14.495,0,28,4,78,75,80,0.35631,0.135039,0.015753
COVID-19,"After Jan 13, 2021",Black,65 and over,2021-05-26,2021-06-01,74,1.28206,0.00321,0,-17.204,-19.827,-14.495,0,28,4,78,75,80,0.35631,0.135039,0.015753
COVID-19,"After Jan 13, 2021",Black,65 and over,2021-06-02,2021-06-08,75,1.06149,0.01257,0,-17.204,-19.827,-14.495,0,28,4,78,75,80,0.35631,0.135039,0.015753
COVID-19,"After Jan 13, 2021",Black,65 and over,2021-06-09,2021-06-15,76,0.87887,0.00234,1,25.727,2.962,53.525,0.0265,28,4,76,73,78,0.41773,0.097808,2.87e-4
COVID-19,"After Jan 13, 2021",Black,65 and over,2021-06-16,2021-06-22,77,1.10498,0.00787,1,25.727,2.962,53.525,0.0265,28,4,76,73,78,0.41773,0.097808,2.87e-4
COVID-19,"After Jan 13, 2021",Black,65 and over,2021-06-23,2021-06-29,78,1.38926,0.00987,1,25.727,2.962,53.525,0.0265,28,4,76,73,78,0.41773,0.097808,2.87e-4
COVID-19,"After Jan 13, 2021",Black,65 and over,2021-06-30,2021-07-06,79,1.74667,0.00738,1,25.727,2.962,53.525,0.0265,28,4,76,73,78,0.41773,0.097808,2.87e-4
COVID-19,"After Jan 13, 2021",Black,65 and over,2021-07-07,2021-07-13,80,2.19603,0.01099,1,25.727,2.962,53.525,0.0265,28,4,76,73,78,0.41773,0.097808,2.87e-4
COVID-19,"After Jan 13, 2021",Black,65 and over,2021-07-14,2021-07-20,81,2.76099,0.01014,1,25.727,2.962,53.525,0.0265,28,4,76,73,78,0.41773,0.097808,2.87e-4
COVID-19,"After Jan 13, 2021",Black,65 and over,2021-07-21,2021-07-27,82,3.4713,0.02327,1,25.727,2.962,53.525,0.0265,28,4,76,73,78,0.41773,0.097808,2.87e-4
COVID-19,"After Jan 13, 2021",Latino,65 and over,2021-01-13,2021-01-19,55,141.51014,0.16318,0,-26.292,-28.234,-24.298,0,28,6,76,73,78,0.41773,0.097808,2.87e-4
COVID-19,"After Jan 13, 2021",Latino,65 and over,2021-01-20,2021-01-26,56,104.30421,0.13743,0,-26.292,-28.234,-24.298,0,28,6,76,73,78,0.41773,0.097808,2.87e-4
COVID-19,"After Jan 13, 2021",Latino,65 and over,2021-01-27,2021-02-02,57,76.88049,0.10780000000000001,0,-26.292,-28.234,-24.298,0,28,6,76,73,78,0.41773,0.097808,2.87e-4
COVID-19,"After Jan 13, 2021",Latino,65 and over,2021-02-03,2021-02-09,58,56.66703,0.09073,0,-26.292,-28.234,-24.298,0,28,6,76,73,78,0.41773,0.097808,2.87e-4
COVID-19,"After Jan 13, 2021",Latino,65 and over,2021-02-10,2021-02-16,59,41.7681,0.06156,0,-26.292,-28.234,-24.298,0,28,6,76,73,78,0.41773,0.097808,2.87e-4
COVID-19,"After Jan 13, 2021",Latino,65 and over,2021-02-17,2021-02-23,60,30.78641,0.04406,0,-26.292,-28.234,-24.298,0,28,6,76,73,78,0.41773,0.097808,2.87e-4
COVID-19,"After Jan 13, 2021",Latino,65 and over,2021-02-24,2021-03-02,61,22.69203,0.03394,0,-26.292,-28.234,-24.298,0,28,6,76,73,78,0.41773,0.097808,2.87e-4
COVID-19,"After Jan 13, 2021",Latino,65 and over,2021-03-03,2021-03-09,62,16.72583,0.02256,0,-26.292,-28.234,-24.298,0,28,6,76,73,78,0.41773,0.097808,2.87e-4
COVID-19,"After Jan 13, 2021",Latino,65 and over,2021-03-10,2021-03-16,63,12.32826,0.01261,0,-26.292,-28.234,-24.298,0,28,6,76,73,78,0.41773,0.097808,2.87e-4
COVID-19,"After Jan 13, 2021",Latino,65 and over,2021-03-17,2021-03-23,64,9.08691,0.01399,0,-26.292,-28.234,-24.298,0,28,6,76,73,78,0.41773,0.097808,2.87e-4
COVID-19,"After Jan 13, 2021",Latino,65 and over,2021-03-24,2021-03-30,65,6.69777,0.00771,0,-26.292,-28.234,-24.298,0,28,6,76,73,78,0.41773,0.097808,2.87e-4
COVID-19,"After Jan 13, 2021",Latino,65 and over,2021-03-31,2021-04-06,66,4.93679,0.0063,1,-12.244,-14.491,-9.938,0,28,6,66,64,68,0.174448,0.017843,0
COVID-19,"After Jan 13, 2021",Latino,65 and over,2021-04-07,2021-04-13,67,4.33232,0.00695,1,-12.244,-14.491,-9.938,0,28,6,66,64,68,0.174448,0.017843,0
COVID-19,"After Jan 13, 2021",Latino,65 and over,2021-04-14,2021-04-20,68,3.80187,0.00422,1,-12.244,-14.491,-9.938,0,28,6,66,64,68,0.174448,0.017843,0
COVID-19,"After Jan 13, 2021",Latino,65 and over,2021-04-21,2021-04-27,69,3.33636,0.00458,1,-12.244,-14.491,-9.938,0,28,6,66,64,68,0.174448,0.017843,0
COVID-19,"After Jan 13, 2021",Latino,65 and over,2021-04-28,2021-05-04,70,2.92785,0.00376,1,-12.244,-14.491,-9.938,0,28,6,66,64,68,0.174448,0.017843,0
COVID-19,"After Jan 13, 2021",Latino,65 and over,2021-05-05,2021-05-11,71,2.56936,0.00318,1,-12.244,-14.491,-9.938,0,28,6,66,64,68,0.174448,0.017843,0
COVID-19,"After Jan 13, 2021",Latino,65 and over,2021-05-12,2021-05-18,72,2.25476,0.00276,1,-12.244,-14.491,-9.938,0,28,6,66,64,68,0.174448,0.017843,0
COVID-19,"After Jan 13, 2021",Latino,65 and over,2021-05-19,2021-05-25,73,1.97869,0.00356,1,-12.244,-14.491,-9.938,0,28,6,66,64,68,0.174448,0.017843,0
COVID-19,"After Jan 13, 2021",Latino,65 and over,2021-05-26,2021-06-01,74,1.73641,0.00259,1,-12.244,-14.491,-9.938,0,28,6,66,64,68,0.174448,0.017843,0
COVID-19,"After Jan 13, 2021",Latino,65 and over,2021-06-02,2021-06-08,75,1.5238,0.00182,1,-12.244,-14.491,-9.938,0,28,6,66,64,68,0.174448,0.017843,0
COVID-19,"After Jan 13, 2021",Latino,65 and over,2021-06-09,2021-06-15,76,1.33723,0.00183,1,-12.244,-14.491,-9.938,0,28,6,66,64,68,0.174448,0.017843,0
COVID-19,"After Jan 13, 2021",Latino,65 and over,2021-06-16,2021-06-22,77,1.1735,0.00174,1,-12.244,-14.491,-9.938,0,28,6,66,64,68,0.174448,0.017843,0
COVID-19,"After Jan 13, 2021",Latino,65 and over,2021-06-23,2021-06-29,78,1.02981,9.6e-4,2,21.93,7.849,37.849,0.00304,28,6,78,77,79,0.328888,0.060126,2.4e-5
COVID-19,"After Jan 13, 2021",Latino,65 and over,2021-06-30,2021-07-06,79,1.25565,0.00197,2,21.93,7.849,37.849,0.00304,28,6,78,77,79,0.328888,0.060126,2.4e-5
COVID-19,"After Jan 13, 2021",Latino,65 and over,2021-07-07,2021-07-13,80,1.53101,0.00228,2,21.93,7.849,37.849,0.00304,28,6,78,77,79,0.328888,0.060126,2.4e-5
COVID-19,"After Jan 13, 2021",Latino,65 and over,2021-07-14,2021-07-20,81,1.86676,0.00239,2,21.93,7.849,37.849,0.00304,28,6,78,77,79,0.328888,0.060126,2.4e-5
COVID-19,"After Jan 13, 2021",Latino,65 and over,2021-07-21,2021-07-27,82,2.27614,0.00281,2,21.93,7.849,37.849,0.00304,28,6,78,77,79,0.328888,0.060126,2.4e-5
COVID-19,"After Jan 13, 2021",White,65 and over,2021-01-13,2021-01-19,55,43.20267,0.01981,0,-24.721,-26.865,-22.515,0,28,6,78,77,79,0.328888,0.060126,2.4e-5
COVID-19,"After Jan 13, 2021",White,65 and over,2021-01-20,2021-01-26,56,32.52236,0.01579,0,-24.721,-26.865,-22.515,0,28,6,78,77,79,0.328888,0.060126,2.4e-5
COVID-19,"After Jan 13, 2021",White,65 and over,2021-01-27,2021-02-02,57,24.48237,0.01237,0,-24.721,-26.865,-22.515,0,28,6,78,77,79,0.328888,0.060126,2.4e-5
COVID-19,"After Jan 13, 2021",White,65 and over,2021-02-03,2021-02-09,58,18.42999,0.0096,0,-24.721,-26.865,-22.515,0,28,6,78,77,79,0.328888,0.060126,2.4e-5
COVID-19,"After Jan 13, 2021",White,65 and over,2021-02-10,2021-02-16,59,13.87383,0.00774,0,-24.721,-26.865,-22.515,0,28,6,78,77,79,0.328888,0.060126,2.4e-5
COVID-19,"After Jan 13, 2021",White,65 and over,2021-02-17,2021-02-23,60,10.44403,0.00581,0,-24.721,-26.865,-22.515,0,28,6,78,77,79,0.328888,0.060126,2.4e-5
COVID-19,"After Jan 13, 2021",White,65 and over,2021-02-24,2021-03-02,61,7.86212,0.00327,0,-24.721,-26.865,-22.515,0,28,6,78,77,79,0.328888,0.060126,2.4e-5
COVID-19,"After Jan 13, 2021",White,65 and over,2021-03-03,2021-03-09,62,5.91849,0.00259,0,-24.721,-26.865,-22.515,0,28,6,78,77,79,0.328888,0.060126,2.4e-5
COVID-19,"After Jan 13, 2021",White,65 and over,2021-03-10,2021-03-16,63,4.45536,0.00234,0,-24.721,-26.865,-22.515,0,28,6,78,77,79,0.328888,0.060126,2.4e-5
COVID-19,"After Jan 13, 2021",White,65 and over,2021-03-17,2021-03-23,64,3.35393,0.00157,0,-24.721,-26.865,-22.515,0,28,6,78,77,79,0.328888,0.060126,2.4e-5
COVID-19,"After Jan 13, 2021",White,65 and over,2021-03-24,2021-03-30,65,2.52479,0.00113,1,-8.882,-10.633,-7.097,0,28,6,65,63,66,0.190954,0.016683,0
COVID-19,"After Jan 13, 2021",White,65 and over,2021-03-31,2021-04-06,66,2.30053,0.00141,1,-8.882,-10.633,-7.097,0,28,6,65,63,66,0.190954,0.016683,0
COVID-19,"After Jan 13, 2021",White,65 and over,2021-04-07,2021-04-13,67,2.09618,9.4e-4,1,-8.882,-10.633,-7.097,0,28,6,65,63,66,0.190954,0.016683,0
COVID-19,"After Jan 13, 2021",White,65 and over,2021-04-14,2021-04-20,68,1.90999,9.9e-4,1,-8.882,-10.633,-7.097,0,28,6,65,63,66,0.190954,0.016683,0
COVID-19,"After Jan 13, 2021",White,65 and over,2021-04-21,2021-04-27,69,1.74034,9.2e-4,1,-8.882,-10.633,-7.097,0,28,6,65,63,66,0.190954,0.016683,0
COVID-19,"After Jan 13, 2021",White,65 and over,2021-04-28,2021-05-04,70,1.58575,7.6e-4,1,-8.882,-10.633,-7.097,0,28,6,65,63,66,0.190954,0.016683,0
COVID-19,"After Jan 13, 2021",White,65 and over,2021-05-05,2021-05-11,71,1.4449,8e-4,1,-8.882,-10.633,-7.097,0,28,6,65,63,66,0.190954,0.016683,0
COVID-19,"After Jan 13, 2021",White,65 and over,2021-05-12,2021-05-18,72,1.31655,6.3e-4,1,-8.882,-10.633,-7.097,0,28,6,65,63,66,0.190954,0.016683,0
COVID-19,"After Jan 13, 2021",White,65 and over,2021-05-19,2021-05-25,73,1.19961,5.7e-4,1,-8.882,-10.633,-7.097,0,28,6,65,63,66,0.190954,0.016683,0
COVID-19,"After Jan 13, 2021",White,65 and over,2021-05-26,2021-06-01,74,1.09306,4.5e-4,1,-8.882,-10.633,-7.097,0,28,6,65,63,66,0.190954,0.016683,0
COVID-19,"After Jan 13, 2021",White,65 and over,2021-06-02,2021-06-08,75,0.99597,4.4e-4,1,-8.882,-10.633,-7.097,0,28,6,65,63,66,0.190954,0.016683,0
COVID-19,"After Jan 13, 2021",White,65 and over,2021-06-09,2021-06-15,76,0.9075,4.2e-4,1,-8.882,-10.633,-7.097,0,28,6,65,63,66,0.190954,0.016683,0
COVID-19,"After Jan 13, 2021",White,65 and over,2021-06-16,2021-06-22,77,0.82689,5.6e-4,1,-8.882,-10.633,-7.097,0,28,6,65,63,66,0.190954,0.016683,0
COVID-19,"After Jan 13, 2021",White,65 and over,2021-06-23,2021-06-29,78,0.75344,3.3e-4,1,-8.882,-10.633,-7.097,0,28,6,65,63,66,0.190954,0.016683,0
COVID-19,"After Jan 13, 2021",White,65 and over,2021-06-30,2021-07-06,79,0.68652,3.3e-4,2,38.301,14.873,66.506,0.00161,28,6,79,77,80,0.417279,0.089462,1.49e-4
COVID-19,"After Jan 13, 2021",White,65 and over,2021-07-07,2021-07-13,80,0.94946,4.8e-4,2,38.301,14.873,66.506,0.00161,28,6,79,77,80,0.417279,0.089462,1.49e-4
COVID-19,"After Jan 13, 2021",White,65 and over,2021-07-14,2021-07-20,81,1.31311,7.1e-4,2,38.301,14.873,66.506,0.00161,28,6,79,77,80,0.417279,0.089462,1.49e-4
COVID-19,"After Jan 13, 2021",White,65 and over,2021-07-21,2021-07-27,82,1.81603,8.5e-4,2,38.301,14.873,66.506,0.00161,28,6,79,77,80,0.417279,0.089462,1.49e-4
COVID-19,"After Jan 13, 2021",All,40 to 64,2021-01-13,2021-01-19,55,9.12277,0.00559,0,-21.684,-23.66,-19.657,0,28,6,79,77,80,0.417279,0.089462,1.49e-4
COVID-19,"After Jan 13, 2021",All,40 to 64,2021-01-20,2021-01-26,56,7.14459,0.00477,0,-21.684,-23.66,-19.657,0,28,6,79,77,80,0.417279,0.089462,1.49e-4
COVID-19,"After Jan 13, 2021",All,40 to 64,2021-01-27,2021-02-02,57,5.59536,0.00427,0,-21.684,-23.66,-19.657,0,28,6,79,77,80,0.417279,0.089462,1.49e-4
COVID-19,"After Jan 13, 2021",All,40 to 64,2021-02-03,2021-02-09,58,4.38207,0.00294,0,-21.684,-23.66,-19.657,0,28,6,79,77,80,0.417279,0.089462,1.49e-4
COVID-19,"After Jan 13, 2021",All,40 to 64,2021-02-10,2021-02-16,59,3.43186,0.00263,0,-21.684,-23.66,-19.657,0,28,6,79,77,80,0.417279,0.089462,1.49e-4
COVID-19,"After Jan 13, 2021",All,40 to 64,2021-02-17,2021-02-23,60,2.6877,0.00212,0,-21.684,-23.66,-19.657,0,28,6,79,77,80,0.417279,0.089462,1.49e-4
COVID-19,"After Jan 13, 2021",All,40 to 64,2021-02-24,2021-03-02,61,2.1049,0.00137,0,-21.684,-23.66,-19.657,0,28,6,79,77,80,0.417279,0.089462,1.49e-4
COVID-19,"After Jan 13, 2021",All,40 to 64,2021-03-03,2021-03-09,62,1.64847,0.00103,0,-21.684,-23.66,-19.657,0,28,6,79,77,80,0.417279,0.089462,1.49e-4
COVID-19,"After Jan 13, 2021",All,40 to 64,2021-03-10,2021-03-16,63,1.29102,8.2e-4,0,-21.684,-23.66,-19.657,0,28,6,79,77,80,0.417279,0.089462,1.49e-4
COVID-19,"After Jan 13, 2021",All,40 to 64,2021-03-17,2021-03-23,64,1.01108,6.9e-4,0,-21.684,-23.66,-19.657,0,28,6,79,77,80,0.417279,0.089462,1.49e-4
COVID-19,"After Jan 13, 2021",All,40 to 64,2021-03-24,2021-03-30,65,0.79183,5.6e-4,0,-21.684,-23.66,-19.657,0,28,6,79,77,80,0.417279,0.089462,1.49e-4
COVID-19,"After Jan 13, 2021",All,40 to 64,2021-03-31,2021-04-06,66,0.62013,4.2e-4,1,-9.481,-12.139,-6.743,0,28,6,66,63,68,0.144807,0.018819,0
COVID-19,"After Jan 13, 2021",All,40 to 64,2021-04-07,2021-04-13,67,0.56134,4.4e-4,1,-9.481,-12.139,-6.743,0,28,6,66,63,68,0.144807,0.018819,0
COVID-19,"After Jan 13, 2021",All,40 to 64,2021-04-14,2021-04-20,68,0.50812,3.1e-4,1,-9.481,-12.139,-6.743,0,28,6,66,63,68,0.144807,0.018819,0
COVID-19,"After Jan 13, 2021",All,40 to 64,2021-04-21,2021-04-27,69,0.45994,3.2e-4,1,-9.481,-12.139,-6.743,0,28,6,66,63,68,0.144807,0.018819,0
COVID-19,"After Jan 13, 2021",All,40 to 64,2021-04-28,2021-05-04,70,0.41634,3.3e-4,1,-9.481,-12.139,-6.743,0,28,6,66,63,68,0.144807,0.018819,0
COVID-19,"After Jan 13, 2021",All,40 to 64,2021-05-05,2021-05-11,71,0.37686,2.7e-4,1,-9.481,-12.139,-6.743,0,28,6,66,63,68,0.144807,0.018819,0
COVID-19,"After Jan 13, 2021",All,40 to 64,2021-05-12,2021-05-18,72,0.34113,2.2e-4,1,-9.481,-12.139,-6.743,0,28,6,66,63,68,0.144807,0.018819,0
COVID-19,"After Jan 13, 2021",All,40 to 64,2021-05-19,2021-05-25,73,0.30879,2.8e-4,1,-9.481,-12.139,-6.743,0,28,6,66,63,68,0.144807,0.018819,0
COVID-19,"After Jan 13, 2021",All,40 to 64,2021-05-26,2021-06-01,74,0.27951,1.6e-4,1,-9.481,-12.139,-6.743,0,28,6,66,63,68,0.144807,0.018819,0
COVID-19,"After Jan 13, 2021",All,40 to 64,2021-06-02,2021-06-08,75,0.25301,2.2e-4,1,-9.481,-12.139,-6.743,0,28,6,66,63,68,0.144807,0.018819,0
COVID-19,"After Jan 13, 2021",All,40 to 64,2021-06-09,2021-06-15,76,0.22902,1.8e-4,1,-9.481,-12.139,-6.743,0,28,6,66,63,68,0.144807,0.018819,0
COVID-19,"After Jan 13, 2021",All,40 to 64,2021-06-16,2021-06-22,77,0.20731,1.1e-4,2,21.08,10.776,32.342,2.3e-4,28,6,77,76,79,0.290888,0.044967,3e-6
COVID-19,"After Jan 13, 2021",All,40 to 64,2021-06-23,2021-06-29,78,0.25101,2.2e-4,2,21.08,10.776,32.342,2.3e-4,28,6,77,76,79,0.290888,0.044967,3e-6
COVID-19,"After Jan 13, 2021",All,40 to 64,2021-06-30,2021-07-06,79,0.30392,2.1e-4,2,21.08,10.776,32.342,2.3e-4,28,6,77,76,79,0.290888,0.044967,3e-6
COVID-19,"After Jan 13, 2021",All,40 to 64,2021-07-07,2021-07-13,80,0.36799,2.3e-4,2,21.08,10.776,32.342,2.3e-4,28,6,77,76,79,0.290888,0.044967,3e-6
COVID-19,"After Jan 13, 2021",All,40 to 64,2021-07-14,2021-07-20,81,0.44556,2.9e-4,2,21.08,10.776,32.342,2.3e-4,28,6,77,76,79,0.290888,0.044967,3e-6
COVID-19,"After Jan 13, 2021",All,40 to 64,2021-07-21,2021-07-27,82,0.53948,4.6e-4,2,21.08,10.776,32.342,2.3e-4,28,6,77,76,79,0.290888,0.044967,3e-6
COVID-19,"After Jan 13, 2021",Asian,40 to 64,2021-01-13,2021-01-19,55,5.36162,0.02015,0,-21.769,-25.34,-18.027,0,28,4,77,76,79,0.290888,0.044967,3e-6
COVID-19,"After Jan 13, 2021",Asian,40 to 64,2021-01-20,2021-01-26,56,4.19445,0.01542,0,-21.769,-25.34,-18.027,0,28,4,77,76,79,0.290888,0.044967,3e-6
COVID-19,"After Jan 13, 2021",Asian,40 to 64,2021-01-27,2021-02-02,57,3.28135,0.01193,0,-21.769,-25.34,-18.027,0,28,4,77,76,79,0.290888,0.044967,3e-6
COVID-19,"After Jan 13, 2021",Asian,40 to 64,2021-02-03,2021-02-09,58,2.56703,0.00974,0,-21.769,-25.34,-18.027,0,28,4,77,76,79,0.290888,0.044967,3e-6
COVID-19,"After Jan 13, 2021",Asian,40 to 64,2021-02-10,2021-02-16,59,2.00821,0.01093,0,-21.769,-25.34,-18.027,0,28,4,77,76,79,0.290888,0.044967,3e-6
COVID-19,"After Jan 13, 2021",Asian,40 to 64,2021-02-17,2021-02-23,60,1.57104,0.007,0,-21.769,-25.34,-18.027,0,28,4,77,76,79,0.290888,0.044967,3e-6
COVID-19,"After Jan 13, 2021",Asian,40 to 64,2021-02-24,2021-03-02,61,1.22904,0.00471,0,-21.769,-25.34,-18.027,0,28,4,77,76,79,0.290888,0.044967,3e-6
COVID-19,"After Jan 13, 2021",Asian,40 to 64,2021-03-03,2021-03-09,62,0.96149,0.004,0,-21.769,-25.34,-18.027,0,28,4,77,76,79,0.290888,0.044967,3e-6
COVID-19,"After Jan 13, 2021",Asian,40 to 64,2021-03-10,2021-03-16,63,0.75218,0.00228,0,-21.769,-25.34,-18.027,0,28,4,77,76,79,0.290888,0.044967,3e-6
COVID-19,"After Jan 13, 2021",Asian,40 to 64,2021-03-17,2021-03-23,64,0.58844,0.0018600000000000001,0,-21.769,-25.34,-18.027,0,28,4,77,76,79,0.290888,0.044967,3e-6
COVID-19,"After Jan 13, 2021",Asian,40 to 64,2021-03-24,2021-03-30,65,0.46034,0.0013,0,-21.769,-25.34,-18.027,0,28,4,77,76,79,0.290888,0.044967,3e-6
COVID-19,"After Jan 13, 2021",Asian,40 to 64,2021-03-31,2021-04-06,66,0.36013,0.00225,0,-21.769,-25.34,-18.027,0,28,4,77,76,79,0.290888,0.044967,3e-6
COVID-19,"After Jan 13, 2021",Asian,40 to 64,2021-04-07,2021-04-13,67,0.28173,0.00106,0,-21.769,-25.34,-18.027,0,28,4,77,76,79,0.290888,0.044967,3e-6
COVID-19,"After Jan 13, 2021",Asian,40 to 64,2021-04-14,2021-04-20,68,0.2204,0.00127,0,-21.769,-25.34,-18.027,0,28,4,77,76,79,0.290888,0.044967,3e-6
COVID-19,"After Jan 13, 2021",Asian,40 to 64,2021-04-21,2021-04-27,69,0.17242,0.0015,0,-21.769,-25.34,-18.027,0,28,4,77,76,79,0.290888,0.044967,3e-6
COVID-19,"After Jan 13, 2021",Asian,40 to 64,2021-04-28,2021-05-04,70,0.13489,0.00126,0,-21.769,-25.34,-18.027,0,28,4,77,76,79,0.290888,0.044967,3e-6
COVID-19,"After Jan 13, 2021",Asian,40 to 64,2021-05-05,2021-05-11,71,0.10552,1.1e-4,0,-21.769,-25.34,-18.027,0,28,4,77,76,79,0.290888,0.044967,3e-6
COVID-19,"After Jan 13, 2021",Asian,40 to 64,2021-05-12,2021-05-18,72,0.08255,5.2e-4,1,11.257,-0.028,23.817,0.05056,28,4,72,70,74,0.35218,0.056422,2e-6
COVID-19,"After Jan 13, 2021",Asian,40 to 64,2021-05-19,2021-05-25,73,0.09185,2.3e-4,1,11.257,-0.028,23.817,0.05056,28,4,72,70,74,0.35218,0.056422,2e-6
COVID-19,"After Jan 13, 2021",Asian,40 to 64,2021-05-26,2021-06-01,74,0.10218000000000001,5.5e-4,1,11.257,-0.028,23.817,0.05056,28,4,72,70,74,0.35218,0.056422,2e-6
COVID-19,"After Jan 13, 2021",Asian,40 to 64,2021-06-02,2021-06-08,75,0.11369,8e-4,1,11.257,-0.028,23.817,0.05056,28,4,72,70,74,0.35218,0.056422,2e-6
COVID-19,"After Jan 13, 2021",Asian,40 to 64,2021-06-09,2021-06-15,76,0.12649,6.8e-4,1,11.257,-0.028,23.817,0.05056,28,4,72,70,74,0.35218,0.056422,2e-6
COVID-19,"After Jan 13, 2021",Asian,40 to 64,2021-06-16,2021-06-22,77,0.14072,6.4e-4,1,11.257,-0.028,23.817,0.05056,28,4,72,70,74,0.35218,0.056422,2e-6
COVID-19,"After Jan 13, 2021",Asian,40 to 64,2021-06-23,2021-06-29,78,0.15657,2.7e-4,1,11.257,-0.028,23.817,0.05056,28,4,72,70,74,0.35218,0.056422,2e-6
COVID-19,"After Jan 13, 2021",Asian,40 to 64,2021-06-30,2021-07-06,79,0.17419,6.4e-4,1,11.257,-0.028,23.817,0.05056,28,4,72,70,74,0.35218,0.056422,2e-6
COVID-19,"After Jan 13, 2021",Asian,40 to 64,2021-07-07,2021-07-13,80,0.1938,0.00107,1,11.257,-0.028,23.817,0.05056,28,4,72,70,74,0.35218,0.056422,2e-6
COVID-19,"After Jan 13, 2021",Asian,40 to 64,2021-07-14,2021-07-20,81,0.21562,8.3e-4,1,11.257,-0.028,23.817,0.05056,28,4,72,70,74,0.35218,0.056422,2e-6
COVID-19,"After Jan 13, 2021",Asian,40 to 64,2021-07-21,2021-07-27,82,0.23989,0.00142,1,11.257,-0.028,23.817,0.05056,28,4,72,70,74,0.35218,0.056422,2e-6
COVID-19,"After Jan 13, 2021",Black,40 to 64,2021-01-13,2021-01-19,55,9.19378,0.08987,0,-24.268,-32.153,-15.466,3e-5,28,4,72,70,74,0.35218,0.056422,2e-6
COVID-19,"After Jan 13, 2021",Black,40 to 64,2021-01-20,2021-01-26,56,6.96267,0.06544,0,-24.268,-32.153,-15.466,3e-5,28,4,72,70,74,0.35218,0.056422,2e-6
COVID-19,"After Jan 13, 2021",Black,40 to 64,2021-01-27,2021-02-02,57,5.27299,0.0719,0,-24.268,-32.153,-15.466,3e-5,28,4,72,70,74,0.35218,0.056422,2e-6
COVID-19,"After Jan 13, 2021",Black,40 to 64,2021-02-03,2021-02-09,58,3.99336,0.03346,0,-24.268,-32.153,-15.466,3e-5,28,4,72,70,74,0.35218,0.056422,2e-6
COVID-19,"After Jan 13, 2021",Black,40 to 64,2021-02-10,2021-02-16,59,3.02426,0.04049,0,-24.268,-32.153,-15.466,3e-5,28,4,72,70,74,0.35218,0.056422,2e-6
COVID-19,"After Jan 13, 2021",Black,40 to 64,2021-02-17,2021-02-23,60,2.29035,0.0524,0,-24.268,-32.153,-15.466,3e-5,28,4,72,70,74,0.35218,0.056422,2e-6
COVID-19,"After Jan 13, 2021",Black,40 to 64,2021-02-24,2021-03-02,61,1.73453,0.01549,0,-24.268,-32.153,-15.466,3e-5,28,4,72,70,74,0.35218,0.056422,2e-6
COVID-19,"After Jan 13, 2021",Black,40 to 64,2021-03-03,2021-03-09,62,1.3136,0.01755,0,-24.268,-32.153,-15.466,3e-5,28,4,72,70,74,0.35218,0.056422,2e-6
COVID-19,"After Jan 13, 2021",Black,40 to 64,2021-03-10,2021-03-16,63,0.99482,0.01606,0,-24.268,-32.153,-15.466,3e-5,28,4,72,70,74,0.35218,0.056422,2e-6
COVID-19,"After Jan 13, 2021",Black,40 to 64,2021-03-17,2021-03-23,64,0.7534,0.01082,0,-24.268,-32.153,-15.466,3e-5,28,4,72,70,74,0.35218,0.056422,2e-6
COVID-19,"After Jan 13, 2021",Black,40 to 64,2021-03-24,2021-03-30,65,0.57057,0.00939,0,-24.268,-32.153,-15.466,3e-5,28,4,72,70,74,0.35218,0.056422,2e-6
COVID-19,"After Jan 13, 2021",Black,40 to 64,2021-03-31,2021-04-06,66,0.43211,0.00169,1,3.555,-2.795,10.319,0.26525,28,4,66,63,70,0.312894,0.061321,3.6e-5
COVID-19,"After Jan 13, 2021",Black,40 to 64,2021-04-07,2021-04-13,67,0.44746,0.00683,1,3.555,-2.795,10.319,0.26525,28,4,66,63,70,0.312894,0.061321,3.6e-5
COVID-19,"After Jan 13, 2021",Black,40 to 64,2021-04-14,2021-04-20,68,0.46337,0.00613,1,3.555,-2.795,10.319,0.26525,28,4,66,63,70,0.312894,0.061321,3.6e-5
COVID-19,"After Jan 13, 2021",Black,40 to 64,2021-04-21,2021-04-27,69,0.47984,0.00684,1,3.555,-2.795,10.319,0.26525,28,4,66,63,70,0.312894,0.061321,3.6e-5
COVID-19,"After Jan 13, 2021",Black,40 to 64,2021-04-28,2021-05-04,70,0.4969,0.00543,1,3.555,-2.795,10.319,0.26525,28,4,66,63,70,0.312894,0.061321,3.6e-5
COVID-19,"After Jan 13, 2021",Black,40 to 64,2021-05-05,2021-05-11,71,0.51456,0.01063,1,3.555,-2.795,10.319,0.26525,28,4,66,63,70,0.312894,0.061321,3.6e-5
COVID-19,"After Jan 13, 2021",Black,40 to 64,2021-05-12,2021-05-18,72,0.53285,0.00485,1,3.555,-2.795,10.319,0.26525,28,4,66,63,70,0.312894,0.061321,3.6e-5
COVID-19,"After Jan 13, 2021",Black,40 to 64,2021-05-19,2021-05-25,73,0.55179,0.01517,1,3.555,-2.795,10.319,0.26525,28,4,66,63,70,0.312894,0.061321,3.6e-5
COVID-19,"After Jan 13, 2021",Black,40 to 64,2021-05-26,2021-06-01,74,0.57141,0.00563,1,3.555,-2.795,10.319,0.26525,28,4,66,63,70,0.312894,0.061321,3.6e-5
COVID-19,"After Jan 13, 2021",Black,40 to 64,2021-06-02,2021-06-08,75,0.59172,0.00725,1,3.555,-2.795,10.319,0.26525,28,4,66,63,70,0.312894,0.061321,3.6e-5
COVID-19,"After Jan 13, 2021",Black,40 to 64,2021-06-09,2021-06-15,76,0.61275,0.00821,1,3.555,-2.795,10.319,0.26525,28,4,66,63,70,0.312894,0.061321,3.6e-5
COVID-19,"After Jan 13, 2021",Black,40 to 64,2021-06-16,2021-06-22,77,0.63453,0.001,1,3.555,-2.795,10.319,0.26525,28,4,66,63,70,0.312894,0.061321,3.6e-5
COVID-19,"After Jan 13, 2021",Black,40 to 64,2021-06-23,2021-06-29,78,0.65709,0.00924,1,3.555,-2.795,10.319,0.26525,28,4,66,63,70,0.312894,0.061321,3.6e-5
COVID-19,"After Jan 13, 2021",Black,40 to 64,2021-06-30,2021-07-06,79,0.68044,0.00683,1,3.555,-2.795,10.319,0.26525,28,4,66,63,70,0.312894,0.061321,3.6e-5
COVID-19,"After Jan 13, 2021",Black,40 to 64,2021-07-07,2021-07-13,80,0.70463,0.01321,1,3.555,-2.795,10.319,0.26525,28,4,66,63,70,0.312894,0.061321,3.6e-5
COVID-19,"After Jan 13, 2021",Black,40 to 64,2021-07-14,2021-07-20,81,0.72968,0.00904,1,3.555,-2.795,10.319,0.26525,28,4,66,63,70,0.312894,0.061321,3.6e-5
COVID-19,"After Jan 13, 2021",Black,40 to 64,2021-07-21,2021-07-27,82,0.75561,0.02712,1,3.555,-2.795,10.319,0.26525,28,4,66,63,70,0.312894,0.061321,3.6e-5
COVID-19,"After Jan 13, 2021",Latino,40 to 64,2021-01-13,2021-01-19,55,19.10226,0.03318,0,-22.214,-24.118,-20.262,0,28,6,66,63,70,0.312894,0.061321,3.6e-5
COVID-19,"After Jan 13, 2021",Latino,40 to 64,2021-01-20,2021-01-26,56,14.85887,0.0289,0,-22.214,-24.118,-20.262,0,28,6,66,63,70,0.312894,0.061321,3.6e-5
COVID-19,"After Jan 13, 2021",Latino,40 to 64,2021-01-27,2021-02-02,57,11.55811,0.02559,0,-22.214,-24.118,-20.262,0,28,6,66,63,70,0.312894,0.061321,3.6e-5
COVID-19,"After Jan 13, 2021",Latino,40 to 64,2021-02-03,2021-02-09,58,8.99058,0.01856,0,-22.214,-24.118,-20.262,0,28,6,66,63,70,0.312894,0.061321,3.6e-5
COVID-19,"After Jan 13, 2021",Latino,40 to 64,2021-02-10,2021-02-16,59,6.99341,0.0154,0,-22.214,-24.118,-20.262,0,28,6,66,63,70,0.312894,0.061321,3.6e-5
COVID-19,"After Jan 13, 2021",Latino,40 to 64,2021-02-17,2021-02-23,60,5.43989,0.01217,0,-22.214,-24.118,-20.262,0,28,6,66,63,70,0.312894,0.061321,3.6e-5
COVID-19,"After Jan 13, 2021",Latino,40 to 64,2021-02-24,2021-03-02,61,4.23147,0.00821,0,-22.214,-24.118,-20.262,0,28,6,66,63,70,0.312894,0.061321,3.6e-5
COVID-19,"After Jan 13, 2021",Latino,40 to 64,2021-03-03,2021-03-09,62,3.29149,0.00559,0,-22.214,-24.118,-20.262,0,28,6,66,63,70,0.312894,0.061321,3.6e-5
COVID-19,"After Jan 13, 2021",Latino,40 to 64,2021-03-10,2021-03-16,63,2.56031,0.00497,0,-22.214,-24.118,-20.262,0,28,6,66,63,70,0.312894,0.061321,3.6e-5
COVID-19,"After Jan 13, 2021",Latino,40 to 64,2021-03-17,2021-03-23,64,1.99156,0.00423,0,-22.214,-24.118,-20.262,0,28,6,66,63,70,0.312894,0.061321,3.6e-5
COVID-19,"After Jan 13, 2021",Latino,40 to 64,2021-03-24,2021-03-30,65,1.54916,0.00298,0,-22.214,-24.118,-20.262,0,28,6,66,63,70,0.312894,0.061321,3.6e-5
COVID-19,"After Jan 13, 2021",Latino,40 to 64,2021-03-31,2021-04-06,66,1.20503,0.00216,0,-22.214,-24.118,-20.262,0,28,6,66,63,70,0.312894,0.061321,3.6e-5
COVID-19,"After Jan 13, 2021",Latino,40 to 64,2021-04-07,2021-04-13,67,0.93734,0.00217,0,-22.214,-24.118,-20.262,0,28,6,66,63,70,0.312894,0.061321,3.6e-5
COVID-19,"After Jan 13, 2021",Latino,40 to 64,2021-04-14,2021-04-20,68,0.72912,0.00134,1,-6.965,-9.905,-3.928,1.4e-4,28,6,68,64,70,0.179018,0.019449,0
COVID-19,"After Jan 13, 2021",Latino,40 to 64,2021-04-21,2021-04-27,69,0.67834,0.00143,1,-6.965,-9.905,-3.928,1.4e-4,28,6,68,64,70,0.179018,0.019449,0
COVID-19,"After Jan 13, 2021",Latino,40 to 64,2021-04-28,2021-05-04,70,0.63109,0.00126,1,-6.965,-9.905,-3.928,1.4e-4,28,6,68,64,70,0.179018,0.019449,0
COVID-19,"After Jan 13, 2021",Latino,40 to 64,2021-05-05,2021-05-11,71,0.58714,0.00145,1,-6.965,-9.905,-3.928,1.4e-4,28,6,68,64,70,0.179018,0.019449,0
COVID-19,"After Jan 13, 2021",Latino,40 to 64,2021-05-12,2021-05-18,72,0.54625,9.8e-4,1,-6.965,-9.905,-3.928,1.4e-4,28,6,68,64,70,0.179018,0.019449,0
COVID-19,"After Jan 13, 2021",Latino,40 to 64,2021-05-19,2021-05-25,73,0.5082,0.00132,1,-6.965,-9.905,-3.928,1.4e-4,28,6,68,64,70,0.179018,0.019449,0
COVID-19,"After Jan 13, 2021",Latino,40 to 64,2021-05-26,2021-06-01,74,0.47281,7.9e-4,1,-6.965,-9.905,-3.928,1.4e-4,28,6,68,64,70,0.179018,0.019449,0
COVID-19,"After Jan 13, 2021",Latino,40 to 64,2021-06-02,2021-06-08,75,0.43988,9.2e-4,1,-6.965,-9.905,-3.928,1.4e-4,28,6,68,64,70,0.179018,0.019449,0
COVID-19,"After Jan 13, 2021",Latino,40 to 64,2021-06-09,2021-06-15,76,0.40924,6.5e-4,1,-6.965,-9.905,-3.928,1.4e-4,28,6,68,64,70,0.179018,0.019449,0
COVID-19,"After Jan 13, 2021",Latino,40 to 64,2021-06-16,2021-06-22,77,0.38074,5.3e-4,1,-6.965,-9.905,-3.928,1.4e-4,28,6,68,64,70,0.179018,0.019449,0
COVID-19,"After Jan 13, 2021",Latino,40 to 64,2021-06-23,2021-06-29,78,0.35422,0.00093000000000000005,1,-6.965,-9.905,-3.928,1.4e-4,28,6,68,64,70,0.179018,0.019449,0
COVID-19,"After Jan 13, 2021",Latino,40 to 64,2021-06-30,2021-07-06,79,0.32955,6.8e-4,1,-6.965,-9.905,-3.928,1.4e-4,28,6,68,64,70,0.179018,0.019449,0
COVID-19,"After Jan 13, 2021",Latino,40 to 64,2021-07-07,2021-07-13,80,0.3066,6.3e-4,2,47.509,-8.158,136.917,0.10249,28,6,80,75,80,0.460913,0.227668,0.05648
COVID-19,"After Jan 13, 2021",Latino,40 to 64,2021-07-14,2021-07-20,81,0.45226,0.00123,2,47.509,-8.158,136.917,0.10249,28,6,80,75,80,0.460913,0.227668,0.05648
COVID-19,"After Jan 13, 2021",Latino,40 to 64,2021-07-21,2021-07-27,82,0.66712,0.00115,2,47.509,-8.158,136.917,0.10249,28,6,80,75,80,0.460913,0.227668,0.05648
COVID-19,"After Jan 13, 2021",White,40 to 64,2021-01-13,2021-01-19,55,3.18901,0.00438,0,-22.024,-27.151,-16.536,0,28,6,80,75,80,0.460913,0.227668,0.05648
COVID-19,"After Jan 13, 2021",White,40 to 64,2021-01-20,2021-01-26,56,2.48666,0.00404,0,-22.024,-27.151,-16.536,0,28,6,80,75,80,0.460913,0.227668,0.05648
COVID-19,"After Jan 13, 2021",White,40 to 64,2021-01-27,2021-02-02,57,1.93899,0.00366,0,-22.024,-27.151,-16.536,0,28,6,80,75,80,0.460913,0.227668,0.05648
COVID-19,"After Jan 13, 2021",White,40 to 64,2021-02-03,2021-02-09,58,1.51195,0.00255,0,-22.024,-27.151,-16.536,0,28,6,80,75,80,0.460913,0.227668,0.05648
COVID-19,"After Jan 13, 2021",White,40 to 64,2021-02-10,2021-02-16,59,1.17895,0.00229,0,-22.024,-27.151,-16.536,0,28,6,80,75,80,0.460913,0.227668,0.05648
COVID-19,"After Jan 13, 2021",White,40 to 64,2021-02-17,2021-02-23,60,0.9193,0.00201,0,-22.024,-27.151,-16.536,0,28,6,80,75,80,0.460913,0.227668,0.05648
COVID-19,"After Jan 13, 2021",White,40 to 64,2021-02-24,2021-03-02,61,0.71683,0.00131,0,-22.024,-27.151,-16.536,0,28,6,80,75,80,0.460913,0.227668,0.05648
COVID-19,"After Jan 13, 2021",White,40 to 64,2021-03-03,2021-03-09,62,0.55895,0.00104,0,-22.024,-27.151,-16.536,0,28,6,80,75,80,0.460913,0.227668,0.05648
COVID-19,"After Jan 13, 2021",White,40 to 64,2021-03-10,2021-03-16,63,0.43585,5.4e-4,1,-8.562,-11.702,-5.31,3e-5,28,6,63,60,68,0.159262,0.036657,3.14e-4
COVID-19,"After Jan 13, 2021",White,40 to 64,2021-03-17,2021-03-23,64,0.39853,8.1e-4,1,-8.562,-11.702,-5.31,3e-5,28,6,63,60,68,0.159262,0.036657,3.14e-4
COVID-19,"After Jan 13, 2021",White,40 to 64,2021-03-24,2021-03-30,65,0.36441,7.9e-4,1,-8.562,-11.702,-5.31,3e-5,28,6,63,60,68,0.159262,0.036657,3.14e-4
COVID-19,"After Jan 13, 2021",White,40 to 64,2021-03-31,2021-04-06,66,0.33321,3.6e-4,1,-8.562,-11.702,-5.31,3e-5,28,6,63,60,68,0.159262,0.036657,3.14e-4
COVID-19,"After Jan 13, 2021",White,40 to 64,2021-04-07,2021-04-13,67,0.30468,6.7e-4,1,-8.562,-11.702,-5.31,3e-5,28,6,63,60,68,0.159262,0.036657,3.14e-4
COVID-19,"After Jan 13, 2021",White,40 to 64,2021-04-14,2021-04-20,68,0.27859,5.1e-4,1,-8.562,-11.702,-5.31,3e-5,28,6,63,60,68,0.159262,0.036657,3.14e-4
COVID-19,"After Jan 13, 2021",White,40 to 64,2021-04-21,2021-04-27,69,0.25474,4e-4,1,-8.562,-11.702,-5.31,3e-5,28,6,63,60,68,0.159262,0.036657,3.14e-4
COVID-19,"After Jan 13, 2021",White,40 to 64,2021-04-28,2021-05-04,70,0.23293,6e-4,1,-8.562,-11.702,-5.31,3e-5,28,6,63,60,68,0.159262,0.036657,3.14e-4
COVID-19,"After Jan 13, 2021",White,40 to 64,2021-05-05,2021-05-11,71,0.21298,3.1e-4,1,-8.562,-11.702,-5.31,3e-5,28,6,63,60,68,0.159262,0.036657,3.14e-4
COVID-19,"After Jan 13, 2021",White,40 to 64,2021-05-12,2021-05-18,72,0.19475,5.1e-4,1,-8.562,-11.702,-5.31,3e-5,28,6,63,60,68,0.159262,0.036657,3.14e-4
COVID-19,"After Jan 13, 2021",White,40 to 64,2021-05-19,2021-05-25,73,0.17807,2.7e-4,1,-8.562,-11.702,-5.31,3e-5,28,6,63,60,68,0.159262,0.036657,3.14e-4
COVID-19,"After Jan 13, 2021",White,40 to 64,2021-05-26,2021-06-01,74,0.16283,2.2e-4,1,-8.562,-11.702,-5.31,3e-5,28,6,63,60,68,0.159262,0.036657,3.14e-4
COVID-19,"After Jan 13, 2021",White,40 to 64,2021-06-02,2021-06-08,75,0.14888,4.1e-4,1,-8.562,-11.702,-5.31,3e-5,28,6,63,60,68,0.159262,0.036657,3.14e-4
COVID-19,"After Jan 13, 2021",White,40 to 64,2021-06-09,2021-06-15,76,0.13614,3.1e-4,1,-8.562,-11.702,-5.31,3e-5,28,6,63,60,68,0.159262,0.036657,3.14e-4
COVID-19,"After Jan 13, 2021",White,40 to 64,2021-06-16,2021-06-22,77,0.12448,1.4e-4,2,27.287,8.308,49.592,0.00543,28,6,77,75,80,0.330786,0.079198,4.65e-4
COVID-19,"After Jan 13, 2021",White,40 to 64,2021-06-23,2021-06-29,78,0.15845,4.1e-4,2,27.287,8.308,49.592,0.00543,28,6,77,75,80,0.330786,0.079198,4.65e-4
COVID-19,"After Jan 13, 2021",White,40 to 64,2021-06-30,2021-07-06,79,0.20168,5.1e-4,2,27.287,8.308,49.592,0.00543,28,6,77,75,80,0.330786,0.079198,4.65e-4
COVID-19,"After Jan 13, 2021",White,40 to 64,2021-07-07,2021-07-13,80,0.25672,3.7e-4,2,27.287,8.308,49.592,0.00543,28,6,77,75,80,0.330786,0.079198,4.65e-4
COVID-19,"After Jan 13, 2021",White,40 to 64,2021-07-14,2021-07-20,81,0.32677,4.9e-4,2,27.287,8.308,49.592,0.00543,28,6,77,75,80,0.330786,0.079198,4.65e-4
COVID-19,"After Jan 13, 2021",White,40 to 64,2021-07-21,2021-07-27,82,0.41594,0.00108,2,27.287,8.308,49.592,0.00543,28,6,77,75,80,0.330786,0.079198,4.65e-4
